city,salary_offered
Chudleigh," £18,323 per annum "
Swindon," £18,000 - £22,000 per annum "
Norfolk, Salary not specified 
Hurstpierpoint," £15,000 - £17,000 per annum, pro-rata "
Hertfordshire," £37,000 - £45,000 per annum "
Belfast," £9,100 - £9,152 per annum, OTE "
Thetford, £9.25 - £10.15 per hour 
Luton," £35,000 - £40,000 per annum "
Blackburn," £23,000 - £26,600 per annum "
Leeds," £18,000 - £25,000 per annum, inc benefits "
Bermuda Park," £12,000 - £40,000 per annum, OTE "
Leeds," £30,000 - £40,000 per annum "
Stevenage, Competitive salary 
London, Competitive salary 
Whitehaven," £44,000 per annum "
Wooburn Green, £8.00 - £8.50 per hour 
Edinburgh," £25,000 - £30,000 per annum, OTE "
Cardiff, £7.50 per hour 
London, Salary not specified 
Leeds," £24,000 - £27,000 per annum "
Peterborough," £19,000 - £22,000 per annum "
Leicester," £20,000 - £26,000 per annum "
Warrington," £20,000 - £25,000 per annum, inc benefits, OTE "
Bolton," £30,000 - £35,000 per annum "
Cirencester, £8.00 - £10.00 per hour 
St. Ives, £7.00 per hour 
Bristol," £18,000 - £22,000 per annum "
Stratford-Upon-Avon, Competitive salary 
Marlow, £7.60 - £7.85 per hour 
London," £33,000 - £35,000 per annum "
Warwickshire," £25,000 - £30,000 per annum "
Birmingham," £26,000 per annum "
Surrey, £7.50 - £8.50 per hour 
Maidstone," £18,000 per annum "
London, £18.00 - £20.00 per hour 
Swadlincote, £7.50 per hour 
Ilford," £17,000 - £21,250 per annum "
South West London," £20,000 - £115,000 per annum "
Goole," £22,000 - £28,000 per annum, inc benefits "
Sandy," £8,167 per annum "
Slough," £22,000 - £26,000 per annum "
Derbyshire, Salary negotiable 
London, £350.00 - £400.00 per day 
Basildon," £25,000 - £32,000 per annum "
Barbados," £37,000 - £39,400 per annum "
Cardiff," £16,000 - £17,500 per annum, inc benefits "
Crawley," £14,560 - £14,643 per annum, OTE "
Aldershot," £37,000 - £50,000 per annum "
Newton Aycliffe, Competitive salary 
Edinburgh, Salary negotiable 
Stevenage," £35,000 per annum "
West London," £24,000 - £28,000 per annum "
Avonmouth, Salary negotiable 
Bolton," £20,000 - £27,000 per annum "
Redditch," £27,000 - £31,000 per annum "
Milton Keynes," £22,000 - £23,000 per annum "
London," £25,000 - £35,000 per annum "
London," £30,000 - £40,000 per annum "
North West London, £10.00 - £12.00 per hour 
Bath, Salary negotiable 
West London, £9.00 - £10.00 per hour 
Lancaster," £40,000 - £50,000 per annum, negotiable "
South East London, £7.50 - £9.50 per hour 
Newark," £20,000 - £25,000 per annum "
Letchworth Garden City, £12.00 - £12.20 per hour 
Central London," £35,000 - £50,000 per annum, inc benefits "
Nottingham," £25,000 - £28,000 per annum "
Chester, Competitive salary 
Clapham," £35,000 - £37,000 per annum "
Liverpool, £5.70 - £7.60 per hour 
Carlisle," £23,000 - £40,000 per annum "
Stoke Poges," £24,000 per annum "
Droitwich," £21,300 - £25,350 per annum "
Aldershot," £30,000 - £38,000 per annum, negotiable, OTE "
Leicester," £50,000 - £55,000 per annum "
London, £9.75 - £14.00 per hour 
Widnes, £12.51 per hour 
Halstead," £30,000 - £45,000 per annum "
Trowbridge," £11,426 per annum "
Devizes, £7.50 - £8.45 per hour 
Manchester," £18,000 - £22,000 per annum "
Manchester," £35,000 - £40,000 per annum "
London, Competitive salary 
Oxfordshire," £20,000 - £25,000 per annum "
Wishaw, £10.00 per hour 
Glasgow, Competitive salary 
Birmingham," £40,000 - £45,000 per annum "
Sheffield," £16,000 - £23,000 per annum, OTE "
Milton Keynes," £35,000 - £38,000 per annum "
Cambridge, Competitive salary 
North London, £8.00 per hour 
Skelmersdale," £34,000 per annum "
Lisburn, Competitive salary 
Derbyshire," £25,000 - £35,000 per annum "
Woking, £8.25 - £8.75 per hour 
London," £25,000 - £28,000 per annum "
Kent," £20,000 per annum, inc benefits, OTE "
Nutfield, £8.16 - £8.32 per hour 
Witney," £24,000 - £26,000 per annum "
Esher, £7.70 - £8.20 per hour 
Leicester, £10.00 - £12.00 per hour 
London," £40,000 - £45,000 per annum "
Solihull, £9.60 per hour 
Yorkshire and Humberside," £35,000 - £40,000 per annum "
Worcester," £51,896 - £56,268 per annum "
Caerphilly," £18,000 - £23,000 per annum "
South West London," £32,195 - £34,840 per annum "
Whitehaven," £10.00 per hour, inc benefits "
Beaconsfield," £22,000 - £25,000 per annum, pro-rata, inc benefits "
Huddersfield," £28,000 - £35,000 per annum "
Belfast," £30,000 - £50,000 per annum "
Westminster," £26,000 - £30,000 per annum "
Chatham, Salary negotiable 
Maidstone," £23,000 - £27,000 per annum "
Berry Hill Industrial Estate, Salary negotiable 
Epsom," £20,000 - £25,000 per annum "
Suffolk," £19,000 - £25,000 per annum "
Farnborough," £15,000 per annum "
Wilmslow, £8.00 - £9.00 per hour 
Bexleyheath," £19,000 - £20,000 per annum "
London, £250.00 - £270.00 per day 
Weston-on-the-Green," £23,000 - £27,000 per annum "
South West London, £9.34 - £14.01 per hour 
Oxfordshire," £23,000 - £25,000 per annum "
Belvedere," £44,000 - £70,000 per annum "
Northampton," £28,000 per annum "
Maidenhead," £35,000 - £40,000 per annum "
Crawley, £7.55 per hour 
London, £10.54 per hour 
Taunton," £18,000 - £22,000 per annum "
Tenterden, Salary negotiable 
Chelmsford, Salary negotiable 
Diss," £30,000 - £35,000 per annum "
Hertfordshire," £28,000 per annum "
South East London, £18.00 - £23.00 per hour 
Walsall," £25,000 - £28,000 per annum "
Smethwick, £11.00 - £12.00 per hour 
Cambridge," £18,000 - £20,000 per annum "
Boscombe Down, £8.00 - £9.50 per hour 
Bristol," £40,000 - £65,000 per annum "
Lincoln, Salary negotiable 
Carlisle," £30,000 - £35,000 per annum, inc benefits, OTE "
Kent," £25,000 - £27,000 per annum "
Worthing, Competitive salary 
Cambridgeshire," £65,000 - £90,000 per annum, OTE "
Manchester," £45,000 - £60,000 per annum, negotiable, pro-rata, inc benefits, OTE "
Witham, £8.50 per hour 
Wymondham, £8.10 per hour 
East Anglia," £21,000 - £22,000 per annum "
Bolney, £12.00 per hour 
Sandbanks, Salary negotiable 
Bristol," £18,000 - £18,500 per annum "
South Shields, £7.50 per hour 
Nottingham, Salary negotiable 
City of London," £25,000 - £28,000 per annum, negotiable "
Stowmarket, £8.00 - £9.00 per hour 
Leyland, Competitive salary 
Crayford," £26,000 - £32,000 per annum, negotiable, inc benefits, OTE "
London," £40,000 - £45,000 per annum "
West London, Salary negotiable 
Crewe," £35,000 - £45,000 per annum, OTE "
Leicester, Salary negotiable 
Bilston, £8.50 per hour 
Frome," £26,000 - £30,000 per annum, OTE "
Farnham," £10,800 - £13,500 per annum "
Southampton," £22,000 - £24,000 per annum "
Salisbury," £18,000 - £22,000 per annum, OTE "
Central London, £7.50 - £9.50 per hour 
Central London," £25,000 per annum "
Broxburn, Salary negotiable 
Downend, Salary negotiable 
Bolton, £7.50 per hour 
Central London," £60,000 - £70,000 per annum "
Exeter, Salary negotiable 
South West London," £29,000 - £34,800 per annum, inc benefits, OTE "
Shildon, £7.50 per hour 
Guildford," £22,000 - £28,000 per annum "
Birmingham," £20,000 - £28,000 per annum, negotiable, inc benefits "
Manchester," £50,000 per annum "
Preston," £18,000 per annum "
Telford," £19,000 - £22,000 per annum "
Yeovil," £50,000 - £70,000 per annum "
Milton Park, Competitive salary 
Bristol," £30,000 - £31,000 per annum "
Mansfield, Competitive salary 
Canterbury," £19,000 - £22,500 per annum "
Huntingdon, £7.55 - £8.25 per hour 
Enfield," £20,000 - £25,000 per annum, negotiable "
Southampton, £7.50 per hour 
Plymouth," £30,000 per annum "
Cambridge," £20,000 - £50,000 per annum, negotiable, OTE "
Liverpool," £15,000 - £26,000 per annum, negotiable, OTE "
Dorset," £18,000 - £21,000 per annum "
Chatham, £75.00 - £85.00 per day 
Skipton," £18,000 - £25,000 per annum "
Swindon," £40,000 - £42,000 per annum, negotiable "
Ware, Competitive salary 
London," £28,000 - £36,000 per annum "
Mansfield," £24,000 - £26,000 per annum "
Bristol," £22,510 - £23,580 per annum "
High Wycombe," £17,000 - £21,000 per annum "
Dartford," £33,000 - £38,000 per annum, negotiable "
Swansea, Competitive salary 
Brighton, Competitive salary 
Leicester," £50,000 - £54,999 per annum "
Twickenham," £20,000 - £30,000 per annum, OTE "
Hamilton," £34,000 per annum, OTE "
Cheltenham, £10.00 per hour 
Herefordshire, Competitive salary 
London," £25,000 - £28,000 per annum "
Dundee," £20,000 - £26,000 per annum "
Luton," £17,850 per annum, pro-rata "
London," £20,000 - £25,000 per annum "
Milton Keynes," £21,000 - £24,000 per annum "
Rugby," £31,000 per annum "
West London," £15,600 - £33,600 per annum, OTE "
Bishop Auckland, £8.00 - £9.00 per hour 
Didcot," £19,000 - £22,000 per annum "
Northampton," £23,000 - £25,000 per annum "
Melksham, Salary negotiable 
Milton Keynes, Salary negotiable 
Doncaster, Salary negotiable 
Rotherham," £32,000 - £35,000 per annum "
Loughborough, £8.03 - £11.37 per hour 
Manchester," £70,000 - £90,000 per annum "
Middlesbrough, £8.00 - £9.00 per hour 
Castle Donington, Salary negotiable 
West London," £20,000 - £22,000 per annum "
London," £35,000 - £40,000 per annum "
Slough," £20,000 - £25,000 per annum "
Redditch, Salary negotiable 
West End," £22,000 - £25,000 per annum "
Wigan, £9.25 per hour 
Ilfracombe," £18,000 - £18,720 per annum "
London," £35,000 - £40,000 per annum "
Slough, £10.00 - £10.50 per hour 
Milton Keynes," £24,000 - £28,000 per annum "
London," £18,000 - £20,000 per annum "
Lincolnshire," £22,500 - £23,000 per annum "
Tunbridge Wells, £7.10 - £7.50 per hour 
Brighton, £7.50 per hour 
Birmingham," £73,000 per annum, inc benefits "
Taunton," £30,000 per annum, negotiable, pro-rata "
London," £30,000 - £35,000 per annum "
Bridgwater," £18,000 - £40,000 per annum, OTE "
London," £30,000 - £35,000 per annum "
Bracknell," £28,000 - £35,000 per annum "
Redhill, £12.80 per hour 
Southampton," £26,000 per annum "
Cirencester," £15,600 - £18,700 per annum, OTE "
Scunthorpe, £10.50 - £13.13 per hour 
South West London," £45,000 - £60,000 per annum "
Bristol," £30,000 - £40,000 per annum "
Preston," £17,000 per annum "
City of London, Salary negotiable 
Kettering Venture Park," £19,000 - £24,000 per annum "
Reading," £30,000 - £38,000 per annum "
Harrow, Competitive salary 
West Sussex," £31,000 - £32,000 per annum "
Gravesend, £7.80 - £10.00 per hour 
Aycliffe Business Park, £7.53 per hour 
Doncaster," £30,000 - £35,000 per annum "
Weymouth, £75.00 per day 
West London, Competitive salary 
Dundee, £7.50 - £8.00 per hour 
Portsmouth," £24,000 - £26,000 per annum "
London Heathrow Airport, £9.00 - £10.00 per hour 
London, £440.00 per day 
Cardiff," £30,000 - £35,000 per annum "
Leeds," £35,000 - £40,000 per annum "
Bristol," £20,000 - £25,000 per annum "
Liverpool," £30,000 - £45,000 per annum "
Stockport, £75.00 per day 
Peterborough," £24,000 - £30,000 per annum, inc benefits, OTE "
London," £75,000 - £100,000 per annum "
Milton Keynes, £8.20 per hour 
Thames Ditton, £12.00 - £13.00 per hour 
Cardiff," £30,000 - £32,000 per annum "
Sheffield, Salary negotiable 
Greenwich, Salary negotiable 
City Of London," £40,000 - £42,000 per annum "
Bristol," £46,000 - £60,000 per annum "
Exeter, £7.50 - £8.00 per hour 
Brackmills Industrial Estate, Salary negotiable 
Bishop's Stortford, Salary negotiable 
Portsmouth," £30,000 per annum "
Southampton," £32,000 - £35,000 per annum "
Guildford," £25,000 - £60,000 per annum, inc benefits, OTE "
London," £22,000 - £25,000 per annum "
White City, Competitive salary 
London, £15.00 - £22.00 per hour 
Norwich," £16,000 - £25,000 per annum "
York," £15,000 - £20,000 per annum, OTE "
Bracknell," £60,000 - £70,000 per annum "
Milton Keynes," £23,000 - £26,000 per annum "
East London, £9.50 - £10.00 per hour 
London," £25,000 - £35,000 per annum "
Grays, £10.00 per hour 
St. Ives," £19,000 - £20,000 per annum "
Cambridge," £22,000 - £24,000 per annum "
Camberley," £35,000 per annum "
Bedfordshire," £25.00 - £30.00 per hour, negotiable "
Bilston," £30,000 - £40,000 per annum "
Newport, Salary negotiable 
Stoke-on-Trent," £15,000 - £20,000 per annum, inc benefits, OTE "
South West London," £22,500 - £28,500 per annum, OTE "
Patchway, Salary negotiable 
Manchester," £25,000 - £40,000 per annum "
Europarc, £8.20 per hour 
High Holborn, Competitive salary 
Watford, Salary negotiable 
Birmingham, £12.61 - £16.50 per hour 
Portsmouth," £30,000 - £34,000 per annum "
Faringdon," £25,000 - £27,000 per annum "
Oxford," £18,000 - £21,000 per annum, negotiable, pro-rata "
Liverpool," £15,000 - £18,000 per annum, OTE "
Ashford," £50,000 - £54,000 per annum "
Runcorn, Competitive salary 
High Wycombe," £37,000 per annum "
Windsor," £35,000 per annum "
Pinxton, £9.50 per hour 
Southampton, £11.00 - £13.00 per hour 
Preston," £30,000 - £38,500 per annum "
Chester," £23,000 - £26,000 per annum "
Leamington Spa, Salary negotiable 
Emsworth," £20,000 - £30,000 per annum, OTE "
Cranleigh, Salary negotiable 
Peterborough," £30,000 - £45,000 per annum "
London," £28,000 - £32,000 per annum, negotiable, inc benefits, OTE "
Cambridge, £8.50 - £9.00 per hour 
Telford, £8.50 per hour 
Harrogate," £24,000 - £28,000 per annum "
Cambridgeshire," £40,000 - £45,000 per annum "
Essex, Salary negotiable 
Cardiff," £17,000 - £19,000 per annum "
Burnley," £15,600 - £19,600 per annum, OTE "
South East London," £35,000 - £40,000 per annum, OTE "
Sheffield," £22,000 - £32,000 per annum "
Poole, Competitive salary 
Tilbury," £22,880 per annum "
Street, Competitive salary 
Chippenham," £40,000 per annum "
East Sussex," £34,000 - £36,000 per annum "
Glasgow, Competitive salary 
East London, £8.00 - £14.00 per hour 
Bristol, Salary negotiable 
Oxford," £32,000 - £34,000 per annum "
Hounslow," £30,000 - £35,000 per annum, negotiable, inc benefits, OTE "
Bristol," £18,000 per annum "
Portsmouth," £20,000 - £35,000 per annum, OTE "
Croydon," £22,000 per annum, inc benefits "
Manchester," £30,000 - £35,000 per annum "
Woking, £14.00 - £14.60 per hour 
Leeds," £19,000 - £21,000 per annum "
Leeds," £35,000 - £65,000 per annum "
Ellastone," £24,000 - £26,000 per annum "
Coventry," £24,000 - £25,000 per annum "
Liverpool," £27,500 - £36,000 per annum "
Buckinghamshire, Competitive salary 
Suffolk, £35.00 - £40.00 per hour 
Wymondham, £8.10 per hour 
Shoreham-by-Sea, £7.50 per hour 
Central London," £30,000 - £40,000 per annum, negotiable "
Canterbury," £26,000 per annum, negotiable, pro-rata "
St. Albans," £30,000 per annum "
Lancaster," £30,000 - £35,000 per annum "
Heathrow, Competitive salary 
Barnsley," £27,000 - £36,000 per annum "
Dubai," £50,000 - £60,000 per annum "
Andover, Competitive salary 
London, £27.00 - £30.00 per hour 
Bath, Competitive salary 
Sutton," £26,500 per annum "
Winchester, £7.50 per hour 
London, £14.00 - £18.00 per hour 
Brentwood, £6.50 - £16.00 per hour 
London," £18,000 - £20,500 per annum "
Plymouth, £6.50 - £16.00 per hour 
West London, £11.46 - £11.64 per hour 
London," £40,000 - £45,000 per annum "
Catford," £35,000 - £40,000 per annum "
Aycliffe Business Park, £7.50 - £9.75 per hour 
Launceston," £28,000 - £33,000 per annum "
Cannock," £24,000 - £28,000 per annum, inc benefits, OTE "
Clevedon, £8.46 per hour 
Southampton, Competitive salary 
Hayes," £26,000 - £30,750 per annum "
Sidcup," £26,000 - £28,000 per annum "
Shoreditch," £28,000 - £32,000 per annum "
Huddersfield, £7.50 - £7.80 per hour 
Guildford," £22,000 per annum "
Ipswich, £12.00 - £14.00 per hour 
Glasgow," £33,953 - £39,702 per annum "
Cardiff, £8.00 per hour 
Wakefield," £18,000 - £20,000 per annum "
London," £50,000 - £65,000 per annum, inc benefits "
Thornaby," £24,000 - £30,000 per annum "
City of London," £27,000 - £35,000 per annum "
Croydon," £42,000 per annum "
Brighton," £18,000 per annum "
Twickenham, £7.50 - £8.50 per hour 
London Heathrow Airport, £9.00 - £10.00 per hour 
London," £28,000 - £40,000 per annum "
Sutton, £8.50 per hour 
Bournemouth, Competitive salary 
London," £34,000 - £38,000 per annum, inc benefits "
Buckinghamshire, £28.00 - £35.00 per hour 
Central London," £40,000 - £44,000 per annum "
High Wycombe," £25,000 per annum "
Basingstoke," £50,000 - £65,000 per annum "
Newcastle Upon Tyne," £25,000 - £35,000 per annum "
Stockport, Salary negotiable 
Oxford," £20,000 - £45,000 per annum "
Bury St. Edmunds," £20,000 - £50,000 per annum, negotiable, OTE "
Enfield, £24.00 - £29.00 per hour 
Grantham," £40,000 - £45,000 per annum "
Huddersfield, Salary negotiable 
Merseyside, £7.50 - £9.50 per hour 
Coventry," £24,000 - £26,000 per annum "
Chelmsford," £20,000 - £21,000 per annum "
Purfleet, Salary negotiable 
St. James," £20,000 per annum "
Leek, £5.70 - £7.60 per hour 
Blackburn," £25,000 - £27,000 per annum "
Aldershot," £20,000 - £26,000 per annum "
City Of London," £45,000 - £50,000 per annum, inc benefits "
Southampton, £7.50 per hour 
City of London," £25,000 per annum "
South West England," £30,000 - £35,000 per annum "
London Heathrow Airport," £21,000 per annum "
Bristol," £43,000 per annum "
Guildford," £22,000 - £23,000 per annum "
Cambridgeshire," £32,000 - £36,000 per annum "
London," £40,000 - £50,000 per annum "
Slough," £30,000 - £35,000 per annum "
Chertsey," £32,000 - £38,000 per annum, inc benefits, OTE "
Milton Keynes, Salary negotiable 
Brighton," £25,000 - £30,000 per annum "
London," £30,000 - £35,000 per annum "
Birmingham," £24,000 - £40,000 per annum, OTE "
London," £25,000 - £26,000 per annum "
Leeds," £20,000 - £35,000 per annum "
Moorgate," £34,000 per annum "
Coventry," £14,500 - £15,500 per annum, inc benefits "
Bristol," £28,000 - £39,000 per annum "
Witney," £20,000 - £25,000 per annum "
Hampshire, Competitive salary 
Mansfield," £27,000 - £31,500 per annum, inc benefits, OTE "
Liverpool," £16,000 - £26,000 per annum, negotiable, OTE "
Crawley," £45,000 - £60,000 per annum "
Staples Corner," £26,000 - £29,000 per annum, OTE "
Huntingdon," £15,600 - £18,700 per annum, OTE "
Herne Bay," £23,000 per annum "
South West London," £32,000 - £36,000 per annum "
Camberley, £8.00 - £9.00 per hour 
Conwy, Salary negotiable 
Tipton," £25,000 - £26,000 per annum "
Manchester, Salary negotiable 
Bristol, Salary negotiable 
Surrey, Salary negotiable 
Maidstone, Salary not specified 
Maidenhead," £20,000 - £30,000 per annum, negotiable "
Leeds," £17,000 - £22,000 per annum "
Cambridge," £25,000 - £27,000 per annum "
Milton Park," £18,000 - £21,000 per annum "
Cobham," £18,000 - £20,000 per annum, inc benefits, OTE "
City of London, Competitive salary 
Keswick, £7.50 - £8.20 per hour 
Teesside," £27,000 - £45,000 per annum "
Croydon," £22,000 - £25,000 per annum "
Basildon," £30,000 - £35,000 per annum "
belgium, Salary negotiable 
South Molton, Salary negotiable 
Glasgow, Salary negotiable 
Totton," £18,000 - £22,000 per annum "
Fakenham," £19,000 - £20,000 per annum "
Bracknell," £26,000 - £27,000 per annum "
Cheltenham, Salary negotiable 
Taunton," £24,000 - £28,000 per annum "
South West England, Salary negotiable 
Doncaster," £40,000 - £58,000 per annum "
Northamptonshire, Competitive salary 
Aylesbury," £20,000 - £26,000 per annum "
Birmingham," £28,000 - £32,000 per annum "
Northampton, Salary negotiable 
Bristol," £20,000 - £22,000 per annum "
Wallsend, £10.00 - £10.50 per hour 
Kirkwall, £8.45 - £9.79 per hour 
Sidmouth, Salary negotiable 
Norwich," £32,000 - £38,000 per annum "
North London, Competitive salary 
King's Lynn, Salary negotiable 
Kenilworth," £25,000 - £30,000 per annum "
North West London," £20,000 - £22,000 per annum "
Leatherhead," £28,000 - £30,000 per annum "
Balham," £24,360 - £32,480 per annum "
Lowestoft, £8.00 - £8.65 per hour 
Hertford, Competitive salary 
Fareham, £75.00 - £85.00 per day 
Manchester," £18,000 - £22,000 per annum "
Weybridge, £9.50 per hour 
Horsham," £18,000 - £19,200 per annum "
Poole, Competitive salary 
Bath, Salary negotiable 
Warminster, £7.20 - £7.50 per hour 
Leeds," £25,000 - £35,000 per annum "
Hemel Hempstead," £15,000 - £17,900 per annum "
Bootle, £8.45 - £9.79 per hour 
West Bromwich," £25,025 per annum, inc benefits "
Stourport-On-Severn, £8.00 per hour 
North West London," £20,000 - £26,000 per annum "
Staffordshire," £18,500 - £21,000 per annum, negotiable, pro-rata, inc benefits, OTE "
West London," £32,000 - £35,000 per annum "
Birmingham Airport, Competitive salary 
City Of London, £250.00 - £280.00 per day 
Birmingham," £42,000 - £65,000 per annum "
Portsmouth, Competitive salary 
Crewe, Salary negotiable 
Atherstone," £30,580 per annum "
Cardiff," £23,000 - £27,000 per annum "
Southport," £17,000 - £18,000 per annum "
Dundee," £35,000 - £40,000 per annum, inc benefits "
Nutfield," £20,000 per annum "
Aylesbury, £7.83 per hour 
Peterborough," £20,000 per annum "
North West London," £35,000 - £45,000 per annum "
Edinburgh, £7.50 - £8.00 per hour 
Ashby-de-la-Zouch," £8.00 per hour, inc benefits "
Sheffield," £30,000 - £50,000 per annum "
Westmill," £20,000 per annum, OTE "
gibraltar, Salary negotiable 
Wembley," £30,000 - £36,000 per annum "
London," £60,000 - £65,000 per annum "
Milton Keynes, Salary negotiable 
Manchester, Competitive salary 
Swindon," £18,000 per annum "
City Of London," £82,000 - £92,000 per annum, OTE "
Kidderminster," £22,000 per annum "
London, Competitive salary 
Bristol," £12,000 - £35,000 per annum "
Stoke-on-Trent," £18,000 - £20,500 per annum "
Woking, Salary not specified 
Huddersfield," £26,000 - £28,000 per annum "
London," £25,000 - £27,000 per annum "
Leeds," £15,300 - £18,300 per annum "
Lincoln, Competitive salary 
London, £15.00 - £22.00 per hour 
Formby, £7.50 per hour 
South West England," £35,000 per annum, inc benefits "
Bristol," £26,000 per annum "
Camberley, Competitive salary 
Borehamwood," £35,000 - £40,000 per annum "
Acton," £16,380 - £19,480 per annum, OTE "
North London," £24,000 - £33,000 per annum "
Sevenoaks," £15,000 - £20,000 per annum "
Stoke-on-Trent," £18,000 - £23,000 per annum "
Wandsworth," £22,000 - £25,000 per annum "
Sunderland, £7.50 per hour 
Portishead, Competitive salary 
Reading," £37,000 - £43,000 per annum "
Cowbridge, Competitive salary 
Camberley," £70,000 - £85,000 per annum "
York, £9.20 - £10.00 per hour 
Bury St. Edmunds, Competitive salary 
Edinburgh, £7.60 - £7.85 per hour 
Bury St. Edmunds," £18,000 - £22,000 per annum "
Suffolk," £28,000 - £32,000 per annum "
Leeds," £25,000 - £32,000 per annum "
Gloucester, Competitive salary 
Edinburgh," £32,000 - £42,000 per annum, negotiable, inc benefits "
Hope Valley," up to £28,000 per annum "
Bristol," £17,000 - £25,000 per annum "
London," £33,060 per annum "
Manchester," £20,000 - £27,000 per annum "
Ashford, Salary negotiable 
Stansted, £7.59 - £7.74 per hour 
Bromley, £7.00 - £8.50 per hour 
Henley-on-Thames," £22,000 per annum "
Bristol," £27,000 - £30,000 per annum, OTE "
Warwickshire," £22,000 - £24,000 per annum "
West London," £20,000 per annum "
London," £26,000 - £28,000 per annum "
Oswestry, Competitive salary 
Newport," £40,000 - £45,000 per annum, inc benefits "
London," £30,000 - £40,000 per annum "
Edinburgh, Salary negotiable 
St. Albans," £34,000 - £36,000 per annum "
Newcastle-under-Lyme, £8.00 per hour 
Maidenhead, Competitive salary 
London, £8.50 per hour 
White City, £8.25 - £8.50 per hour 
Ipswich," £19,000 - £21,000 per annum "
Buckinghamshire," £48,000 - £54,000 per annum "
Nottingham," £23,000 - £26,000 per annum "
Oxford, £300.00 - £350.00 per day 
Portsmouth, £7.50 per hour 
Ayr," £9.50 - £14.00 per hour, OTE "
Tunbridge Wells," £34,000 - £38,000 per annum "
London," £28,000 - £35,000 per annum "
County Down," £15,000 - £20,000 per annum "
Nottingham," £40,000 - £50,000 per annum "
City of London," £35,000 - £37,000 per annum "
Warwickshire," £21,000 - £22,000 per annum "
Shropshire," £35,000 - £40,000 per annum "
Cheltenham, Salary negotiable 
Manchester," £8.20 per hour, pro-rata "
Leeds," £25,000 - £30,000 per annum "
Oldbury, £9.00 - £10.00 per hour 
Exeter," £22,400 - £26,800 per annum "
Peterborough," £25,025 per annum, inc benefits "
Peterborough, £20.00 - £30.00 per hour 
Guildford, Salary not specified 
Harrogate, Salary negotiable 
Woking, Competitive salary 
Old Wolverton," £45,000 - £55,000 per annum "
Huddersfield," £22,000 - £28,000 per annum "
Ammanford, £7.50 - £8.40 per hour 
Ripley, £8.00 - £9.00 per hour 
Taunton," £20,000 - £35,000 per annum, negotiable "
Enfield, Salary negotiable 
Hampshire," £25,000 - £35,000 per annum "
Bristol," £20,000 - £45,000 per annum "
Watford," £16,000 - £30,000 per annum, OTE "
Bristol," £80,000 - £120,000 per annum "
City of London," £24,000 per annum "
Northampton," £19,000 - £23,000 per annum, inc benefits, OTE "
Staffordshire," £32,000 - £45,000 per annum "
South Yorkshire, £20.00 - £35.00 per hour 
London," £14,000 - £80,000 per annum, OTE "
Shaftesbury," £40,000 - £55,000 per annum "
London, Competitive salary 
Evesham," £30,000 - £31,500 per annum "
Bushey," £20,000 - £23,000 per annum, negotiable, inc benefits, OTE "
London," £18,000 - £20,000 per annum "
Edinburgh, Competitive salary 
Peterborough," £25,000 - £32,000 per annum "
Knightsbridge," £22,000 - £28,000 per annum "
London, £8.20 - £8.80 per hour 
Weston-super-Mare, £7.50 per hour 
Chessington," £17,000 - £20,000 per annum, negotiable "
Canterbury," £30,000 per annum "
Sidcup," £30,000 - £40,000 per annum "
Newby Bridge, £7.50 per hour 
Stratford-upon-Avon, Salary negotiable 
Exeter," £22,000 - £28,000 per annum, OTE "
Bracknell," £18,000 - £23,000 per annum "
City Of London," £30,000 - £38,000 per annum, inc benefits "
Saffron Walden, Salary negotiable 
Portsmouth, Salary negotiable 
Peterborough," £24,000 - £32,000 per annum "
Oxford," £22,000 per annum, negotiable, pro-rata "
Salisbury, Competitive salary 
Farnham, £7.50 - £8.00 per hour 
London," £20,000 per annum, inc benefits "
Exeter," £17,000 per annum, OTE "
Thetford," £19,168 per annum "
Bradford," £18,000 per annum, inc benefits "
Northampton," £25,000 - £29,000 per annum "
West London, Salary negotiable 
Portsmouth," £20,000 - £23,000 per annum, negotiable "
Slough, Competitive salary 
South West London," £50,000 - £55,000 per annum, negotiable, inc benefits, OTE "
Bristol," £55,000 - £70,000 per annum "
London," £30,000 - £35,000 per annum "
Reigate, £11.44 per hour 
East Midlands," up to £29,000 per annum "
Sutton," £35,000 per annum, inc benefits "
Northolt," £20,000 per annum "
Leamington Spa," £28,000 - £32,000 per annum, OTE "
Otley," £16,000 - £20,000 per annum "
Heywood, £7.50 - £8.67 per hour 
Benfleet," £30,000 - £35,000 per annum "
Wadebridge, Salary negotiable 
Tunbridge Wells, Salary negotiable 
King's Lynn," £22,000 - £23,000 per annum "
South West England," £35,000 - £55,000 per annum, OTE "
Leamington Spa," £25,000 - £30,000 per annum "
Milton Keynes," £19,500 - £23,500 per annum "
Wedmore," £26,000 - £30,000 per annum "
Chester," £25,000 - £30,000 per annum "
Leicester," £18,000 - £26,000 per annum, negotiable, OTE "
Portsmouth," £30,000 - £36,000 per annum "
Newcastle Upon Tyne," £28,000 - £35,000 per annum "
Stevenage," £23,076 per annum "
Sidcup, £10.00 per hour 
Nottingham," £18,000 - £22,000 per annum "
Milton Keynes," £35,000 - £40,000 per annum "
Ascot, £7.83 per hour 
Leeds," £20,000 - £25,000 per annum "
Newcastle Upon Tyne," £25,000 - £35,000 per annum "
Milton Keynes," £29,000 - £32,000 per annum "
Solihull, £8.25 per hour 
Bristol, £11.74 per hour 
Spalding, £7.50 per hour 
Bolton, Salary negotiable 
Stratford-upon-Avon," £21,000 - £23,000 per annum "
London, Salary negotiable 
Chelmsford," £35,000 - £50,000 per annum "
New Milton," £18,000 - £19,000 per annum "
Pinxton, £11.50 - £13.50 per hour 
Newport, Competitive salary 
Wigan," £25,000 per annum "
Enfield," £60,000 - £75,000 per annum "
Buckingham, £8.47 per hour 
Welwyn Garden City, £11.39 per hour 
Telford, £7.69 - £7.83 per hour 
Aylesbury, Competitive salary 
West London, £10.00 - £14.00 per hour 
Leeds, Competitive salary 
Blackburn, £8.25 per hour 
Paddington, Salary negotiable 
Central London, Salary negotiable 
Edinburgh, £9.15 per hour 
Woking," £35,000 - £45,000 per annum, OTE "
East London," £21,000 - £25,000 per annum, negotiable, inc benefits "
Central London," £24,000 - £26,000 per annum "
Dunmow," £30,000 - £45,000 per annum "
Birmingham, Competitive salary 
Evesham, £8.45 - £9.79 per hour 
Berkhamsted," £35,000 - £50,000 per annum, negotiable "
West London," £29,000 - £30,000 per annum, negotiable, inc benefits "
London," £25,000 per annum, negotiable "
Manchester, £7.50 - £8.78 per hour 
Stockport, £8.00 - £9.00 per hour 
City Of London," £38,000 - £42,000 per annum "
Crawley," £15,000 - £50,000 per annum, OTE "
Edinburgh, £8.51 - £13.68 per hour 
Preston," £30,000 - £40,000 per annum "
Enfield," £30,000 per annum "
Sheffield, £7.70 per hour 
Southampton," £36,000 - £38,000 per annum "
Derbyshire," £21,000 - £25,000 per annum "
London, £7.50 - £10.20 per hour 
South West London, Salary negotiable 
City Of London," £35,000 - £40,000 per annum "
Byfleet," £23,000 - £26,000 per annum "
Fareham," £18,000 - £23,000 per annum, inc benefits "
London," £26,000 per annum "
Milton Keynes," £18,000 - £20,000 per annum "
Enfield," £24,000 - £25,000 per annum, negotiable "
Tunbridge Wells, £7.65 - £7.89 per hour 
Manchester, £100.00 - £135.00 per day 
Oxford, £7.50 - £8.50 per hour 
Chelmsford, £10.00 per hour 
Oakham, £7.20 per hour 
Wrexham, £7.20 - £7.50 per hour 
Oldham," £20,000 - £23,000 per annum, inc benefits "
Coventry, Salary negotiable 
Solihull," £30,000 - £40,000 per annum, inc benefits "
Surrey," £24,360 - £32,480 per annum "
London," £26,000 - £28,000 per annum "
Cockfosters, £7.50 - £8.00 per hour 
Mayfair," £26,000 - £28,000 per annum "
Oxford, £10.00 - £12.50 per hour 
Knaresborough, £7.50 - £8.50 per hour 
West London," £20,000 - £23,000 per annum "
Chesterfield," £20,000 - £25,000 per annum "
City of London," £23,000 per annum, negotiable "
City of London, Competitive salary 
Bolton," £23,000 - £32,000 per annum "
Portbury, Salary negotiable 
North London," £28,000 - £32,000 per annum "
Wakefield, Salary negotiable 
Chigwell," £30,000 - £45,000 per annum, OTE "
Oxfordshire," £16,000 - £24,000 per annum "
Gravesend, £7.65 per hour 
Sapley, £8.02 per hour 
Solihull," £22,000 - £24,000 per annum "
Bromyard," £31,590 per annum "
Slough, Salary negotiable 
Tiverton Business Park, Competitive salary 
Blackburn," £18,000 - £28,000 per annum, OTE "
Bury St. Edmunds," £20,000 - £25,000 per annum "
Coventry," £49,149 - £56,950 per annum "
Peterborough," £19,000 - £22,000 per annum "
Gatwick," £28,000 per annum "
Bournemouth, £8.40 - £8.80 per hour 
Southampton," £30,000 - £30,001 per annum "
Fareham," £18,000 - £21,500 per annum, inc benefits, OTE "
Hertford, £7.69 per hour 
Slough," £15,000 - £22,000 per annum, OTE "
Chester, £7.78 per hour 
Pontefract, Salary negotiable 
Peterborough," £45,000 - £50,000 per annum "
West London," £16,640 - £17,680 per annum "
Leeds, Salary negotiable 
Bristol," £26,000 - £28,000 per annum "
Richmond, Salary negotiable 
Epsom," £40,000 - £45,000 per annum "
Chippenham," £12,000 - £35,000 per annum "
Bristol," £22,510 - £23,580 per annum "
Stratford-upon-Avon," £18,000 - £20,000 per annum "
Feltham," £28,000 - £32,000 per annum "
Newcastle Upon Tyne," £18,000 - £18,500 per annum "
Cardiff," £37,000 - £40,000 per annum, inc benefits "
Birmingham, Competitive salary 
Hindley Green, £7.50 per hour 
London," £26,000 - £29,000 per annum "
Liverpool," £43,000 - £50,000 per annum "
Salford," £8.20 per hour, inc benefits "
Reading, Competitive salary 
Glasgow, Salary negotiable 
Stoke-on-Trent, £7.50 per hour 
Leighton Buzzard, Salary negotiable 
London," £15,000 - £18,000 per annum "
Basingstoke, Competitive salary 
Stanwell, £8.70 per hour 
Cheltenham," up to £27,000 per annum "
South West England, Salary negotiable 
Middlesbrough, Competitive salary 
West Byfleet," £10,500 - £25,000 per annum "
Yeovil, Competitive salary 
Cardiff," £34,000 - £39,000 per annum "
Merseyside," £17,000 - £22,000 per annum "
Brockworth," £27,000 - £29,000 per annum "
Enfield, £9.00 per hour 
Weybridge," £38,000 - £42,000 per annum "
London, £9.00 - £9.50 per hour 
King's Lynn," £23,000 - £26,000 per annum "
London," £40,000 - £50,000 per annum "
Bury St. Edmunds, Competitive salary 
Braintree," £20,000 - £22,000 per annum, negotiable "
London," £18,000 - £25,000 per annum "
Immingham Dock, £7.80 per hour 
Gainsborough," £18,000 per annum "
North East England, Competitive salary 
Verwood, £8.00 - £8.50 per hour 
Glasgow, Salary negotiable 
Trowbridge," £27,000 - £32,000 per annum "
Taunton, £7.50 per hour 
Bluewater," £22,000 - £25,000 per annum "
Morpeth," £35,000 - £43,000 per annum "
Leicester, £8.00 - £9.00 per hour 
Taunton," £20,000 per annum "
Kingston Upon Thames, Salary negotiable 
Altrincham," £16,000 per annum "
City Of London," £25,000 - £28,000 per annum "
Bracknell," £25,000 - £27,000 per annum "
Enfield," £30,000 per annum, negotiable "
Old Hall," £20,000 - £25,000 per annum "
Northampton," £20,000 - £40,000 per annum "
Uxbridge," £31,000 per annum "
London," £50,000 - £70,000 per annum "
Liverpool," £25,000 - £50,000 per annum "
Bury St. Edmunds," £30,000 - £50,000 per annum "
Leeds, Salary negotiable 
Central London," £25,000 - £45,000 per annum, inc benefits, OTE "
Framingham Pigot, £8.50 - £9.00 per hour 
Guildford," £18,000 - £22,000 per annum "
City of London, £10.00 - £11.00 per hour 
Taunton, £7.68 per hour 
London," £60,000 - £70,000 per annum, negotiable "
Solihull," £20,000 - £25,000 per annum, negotiable, inc benefits, OTE "
London," £22,000 - £25,000 per annum, inc benefits "
North London," £38,000 - £40,000 per annum "
Derbyshire, Salary negotiable 
Newbury, Salary negotiable 
Putney, £9.50 - £10.00 per hour 
Bracknell," £35,000 - £45,000 per annum "
Telford," £24,000 - £27,000 per annum "
Huddersfield," £55,000 per annum "
Wakefield, £8.00 per hour 
Camden, Competitive salary 
Newcastle Upon Tyne," up to £16,780 per annum "
Derby, £7.50 per hour 
Kettering Business Park," £19,000 - £20,000 per annum "
Liverpool, £9.00 - £10.00 per hour 
Crawley," £20,000 - £24,000 per annum "
Northampton," £18,000 - £22,000 per annum "
High Wycombe," £15,600 - £25,600 per annum, OTE "
Liverpool," £40,000 - £50,000 per annum "
Bedford," £28,000 - £30,000 per annum "
London," £22,000 - £25,000 per annum "
South Beach," £30,000 - £32,000 per annum "
London," £40,000 - £47,000 per annum "
Birmingham," £20,000 - £30,000 per annum "
Tipton," £30,000 - £38,000 per annum "
Thirsk," £21,000 - £22,500 per annum "
West End," £30,000 - £35,000 per annum "
Edgbaston," £38,200 - £44,574 per annum "
Holloway," £36,000 - £38,000 per annum "
Guildford," £14,000 - £40,000 per annum, OTE "
Woodbridge, Salary negotiable 
West Yorkshire," £55,000 - £60,000 per annum "
Greater Manchester," £20,000 - £23,000 per annum "
Minehead, Competitive salary 
Wembley," £20,000 - £25,000 per annum "
Oxford," £30,000 - £40,000 per annum "
Fulham," £15,000 - £40,000 per annum "
Andover, £9.00 - £10.00 per hour 
Cardiff Gate," £28,000 per annum, inc benefits "
Brighton," £21,000 - £22,000 per annum "
Manchester," £30,000 - £40,000 per annum "
Quedgeley," £36,000 - £47,000 per annum, OTE "
Liverpool," £30,000 - £40,000 per annum "
Leeds," £18,000 - £22,000 per annum "
Warrington, Salary negotiable 
Manchester," £27,000 per annum "
London," £30,000 - £35,000 per annum "
Essex," £15,500 per annum "
Inverness, Competitive salary 
London," £60,000 per annum "
London," £30,000 - £40,000 per annum "
Berkhamsted," £35,000 - £45,000 per annum "
Northampton," £18,000 - £20,000 per annum "
Plymouth," £45,000 - £50,000 per annum "
Northwich," £20,000 - £30,000 per annum "
Knutsford," £40,000 - £50,000 per annum "
Coventry," £35,000 per annum, OTE "
Wimbledon, Salary negotiable 
Bristol," £35,000 - £40,000 per annum "
Sheffield, Salary negotiable 
Colne, Competitive salary 
East Molesey, Salary negotiable 
Newport," £23,000 - £30,000 per annum "
Barry, £8.00 - £8.72 per hour 
Guildford," £19,000 - £20,000 per annum "
West Bromwich, Competitive salary 
Hemel Hempstead, Salary negotiable 
West London," £38,000 - £40,000 per annum "
Battersea, £12.95 per hour 
Belfast, Competitive salary 
Wellington," £25,000 - £30,000 per annum "
Biggleswade, £7.50 per hour 
Oxford," £27,000 - £29,000 per annum "
London," £40,000 - £45,000 per annum "
Warrington, £7.65 - £7.88 per hour 
London, £7.50 - £8.50 per hour 
Leeds," £18,000 - £30,000 per annum "
Chichester, £7.83 per hour 
Norfolk," £35,000 per annum "
West London, £7.50 - £8.00 per hour 
Leicester," £30,000 per annum, OTE "
Taunton," £22,000 - £23,000 per annum "
Bristol," £18,000 - £20,000 per annum "
Selby, £4.05 - £7.50 per hour 
Bromsgrove," £45,000 per annum "
Peterborough, £8.25 - £8.50 per hour 
Edinburgh, £14.00 - £17.00 per hour 
Harrogate, Salary negotiable 
Leeds," £20,000 - £24,000 per annum "
Rustington, Salary negotiable 
Woodall," £19,000 - £21,000 per annum "
London," £65,000 - £75,000 per annum "
London," £25,000 - £37,000 per annum "
Cardiff, £8.00 per hour 
City Of London," £66,000 - £85,000 per annum "
Warwick," £25,000 - £30,000 per annum "
Bath, Competitive salary 
Bedford, £7.50 - £8.50 per hour 
London," £23,000 - £25,000 per annum "
Bishop's Stortford, Salary negotiable 
Buckingham," £20,800 - £29,120 per annum "
Eltham," £38,000 - £50,000 per annum "
Kettering Business Park," £19,000 - £20,000 per annum "
Basildon," £18,000 - £23,000 per annum "
West London," £22,000 - £25,000 per annum "
London," £40,000 per annum "
Nuneaton, £16.08 - £23.02 per hour 
Houghton Le Spring," £14.00 - £14.80 per hour, negotiable "
Thatcham, Salary negotiable 
Birmingham," £30,000 - £40,000 per annum "
Fife, Competitive salary 
Studley, Competitive salary 
Guildford, Competitive salary 
Cardiff, £7.05 - £7.50 per hour 
Reading," £27,500 per annum "
Bristol," £20,000 - £23,000 per annum "
Chelmsford," £25,000 per annum, inc benefits "
Leighton Buzzard," £30,000 - £35,000 per annum "
London Gatwick Airport, Competitive salary 
Grimsby," £35,000 per annum "
Leicester, Competitive salary 
Northampton," £25,000 - £30,000 per annum "
Central London," £20,000 - £25,000 per annum "
Newton Abbot," £27,000 - £30,000 per annum "
Swindon," £45,000 - £55,000 per annum "
Mytholmroyd," £21,000 - £24,000 per annum "
London, Competitive salary 
London," £28,000 - £34,000 per annum "
Feltham," £42,000 - £50,000 per annum "
Chester, Competitive salary 
Stoke-on-Trent," £18,000 - £26,000 per annum, inc benefits, OTE "
Gloucestershire," £26,400 - £28,800 per annum "
Winchester," £28,000 per annum "
Derby," £16,875 - £17,000 per annum "
Cambridge, £6.50 - £16.00 per hour 
Romford," £14,600 - £22,600 per annum "
Nottingham, Competitive salary 
Twickenham," £24,000 - £26,000 per annum, negotiable, inc benefits "
Marlborough," £26,000 per annum, negotiable, pro-rata "
Norfolk, £8.00 - £8.50 per hour 
Bodmin, Competitive salary 
West Yorkshire," £20,000 - £25,000 per annum "
Gloucester," up to £25,000 per annum "
Reading," £26,000 per annum "
London," £45,000 - £50,000 per annum "
Bicester," £33,000 - £35,000 per annum "
Birmingham," £19,000 - £20,000 per annum "
South West England," £65,000 - £85,000 per annum "
Livingston," £30,000 per annum "
